Vacancy,Employer,Location
 Senior Javascript Developer ,ProFair Games, თბილისი 
 Middle HTML5 თამაშების დეველოპერი ,ProFair Games, თბილისი 
 HoReCa მენეჯერის ასისტენტი ,ჯეო-კოოპ, თბილისი 
 ლოგისტიკის მენეჯერის თანაშემწე ,მანდარინა, თბილისი 
 კორპორაციული გაყიდვების მენეჯერი ,Prime Legal, თბილისი 
 English Speaking Sales Agents Required ,LetsTrade.com, თბილისი 
 კადრების შერჩევის სპეციალისტი ,სააგენტო ბაია, თბილისი 
 მიმტანი ,ნიუკრისტალბეთი, თბილისი 
 გაყიდვების კონსულტანტი ,Gtex, თბილისი 
 პროგრამული უზრუნველყოფის ტესტერი ,დასაქმების სააგენტო ეიჩარი, თბილისი 
 eCommerce Administration Specialist ,Several Places, თბილისი 
 კონსულტანტი ,კენარი, თბილისი 
 Manager ,Mimino Rent Car, თბილისი 
 Your start in IT - QA Engineer Training to become a QA Intern ,a1qa, თბილისი 
 Your start in IT - QA Automation Training to become an Automation QA Intern ,a1qa, თბილისი 
 საცალო და კორპორატიული  გაყიდვების მენეჯერი/ პროდუქციიის შემგროვებელი - საწყობის თანამშრომელი ,სხივი +, თბილისი 
 Php developer ,Patolomius Technology, თბილისი 
 Back-End Developer ,Patolomius Technology, თბილისი 
 რეალტორი / უძრავი ქონების ბროკერი ,ნიქსი, თბილისი 
 მიმტანი ,რესტორანი ქალაქი, თბილისი 
 პროგრამული კონსულტანტი ,iSTYLE, თბილისი 
 მარკეტინგის მენეჯერი ,ალაგი ლოგისტიკს, თბილისი 
 კორპორატიული გაყიდვების სპეციალისტი ,ალაგი ლოგისტიკს, თბილისი 
 Project Manager for Design Studio ,Several Places, თბილისი 
 უძრავი ქონების ბროკერი ,Orange, თბილისი 
 English/Russian Customer Service Representative ,Forward Executive Solutions, თბილისი 
 International online marketing + Design ,TAISHI YOSHIMURA, თბილისი 
 გაყიდვების მენეჯერი ,NEW AUTO MOTORS 24/7, თბილისი 
 გაყიდვების მენეჯერი ,ელიტ მოტორსი, ბათუმი 
 პრისელერი ,ოლიმპი, ბათუმი 
 მოლარე-კონსულტანტი ,ისმოუქ ჯორჯია, თბილისი 
 დიასახლისი სარფში ,ლიც რეზორტი, ხელვაჩაური 
 სუ შეფი კვარიათში ,ლიც რეზორტი," ბათუმი, "
 მიმტანის დამხმარე ,რესტორანი ბარბარესთან, თბილისი 
 ელექტრო შემკეთებელი ,ჰაიდელბერგცემენტ ჯორჯია, რუსთავი 
 Front Office Receptionist ,American Medical Centers, თბილისი 
 შეფ მზარეული ,Illy Caffè, თბილისი 
 ობიექტის მენეჯერი ,ვიანორი, თბილისი 
 კონსულტანტი ,Dressup Group, ბათუმი 
 საოპერაციო მენეჯერი ,რუსტარ ონლაინი, თბილისი 
 ლაბორანტი ,თოდუას კლინიკა, თბილისი 
 რეზერვაციის მენეჯერი ,რუსტარ ონლაინი, თბილისი 
 გაყიდვების მენეჯერი წეროვანში ,სპეცკომფორტი, მცხეთა 
 Store Manager ,Glovo, თბილისი 
 Junior Account Manager ,Glovo, თბილისი 
 Jr. Category Manager - Q-commerce ,Glovo, თბილისი 
 Jr. Category Manager MFC ,Glovo, თბილისი 
 Office Manager ,Glovo, თბილისი 
 კვერცხუჯრედის დონორი/სუროგატი დედა ,New Life Georgia, თბილისი 
 Site Reliability Engineer | Amber Studios ,Sacco, თბილისი 
 სატელეფონო გაყიდვების ჯგუფის უფროსი ,სითიქომი, თბილისი 
 კონსულტანტი/სამსუნგის ბრენდის ამბასადორი რუსთავში ,HRRA, რუსთავი 
 კონსულტანტი/სამსუნგის ბრენდის ამბასადორი ზუგდიდში ,HRRA, ზუგდიდი 
 აკადემიური განვითარების ხელმძღვანელი ,ბიზნესისა და ტექნოლოგიების უნივერსიტეტი, თბილისი 
 Project Manager ,ნექსონ ტექნოლოჯის, თბილისი 
 UI-UX/Graphic Designer ,ნექსონ ტექნოლოჯის, თბილისი 
 Arabic Language Customer Service Manager ,Free Spirit Tours, თბილისი 
 ბუღალტერი ,Free Spirit Tours, თბილისი 
 Arabic Language Tour Operator ,Free Spirit Tours, თბილისი 
 ავტო გაყიდვების მენეჯერი ,ჰოა ავტო იმპორტი, თბილისი 
 ქოლ-ცენტრის ოპერატორი ,ჭრელი აბანო, თბილისი 
 ბარმენი ,ჭრელი აბანო, თბილისი 
 მოლარე-ოპერატორი/ძვირფასი ნივთების ექსპერტ-შემფასებელი ,ვიპპს, თბილისი 
 საქმეთა მწარმოებელი ,სამშენებლო კომპანია ბალავარი, თბილისი 
 გაყიდვების კონსულტანტი ,ახალი ნათება, თბილისი 
 მოლარე–ოპერატორი ,ახალი ნათება, თბილისი 
 Office Assistant ,MPA Company, თბილისი 
 დოკუმენტების ადმინისტრირების სპეციალისტი ბოლნისში ,RMG აურამაინ, ბოლნისი 
 Supply Chain | Procurement Specialist ,Delta CAA, თბილისი 
 გენერალური მენეჯერი ,სუპერმარკეტების ქსელი ფრესკო, თბილისი 
 საკონტაქტო ცენტრის სპეციალისტი ,გლობუსი, თბილისი 
 UI/UX დიზაინერი ,Money Movers, თბილისი 
 ინგლისურენოვანი თამაშის წარმდგენი ,Evolution, თბილისი 
 Kundendienstmitarbeiter / Call Center Agent - Zalando ,CMX Solutions, თბილისი 
 მიმტანი/დიასახლისი ,რესტორანი დივანი, თბილისი 
 მიმღები ოპერატორი/სავაჭრო წერტილის მენეჯერი ,ოტო ჯორჯია, თბილისი 
 გაყიდვების მენეჯერი ,ოფის 1, თბილისი 
 კონსულტანტი ,ოფის 1, თბილისი 
 პრისეილერი ,ორიენტი, ქუთაისი 
 Senior react native დეველოპერი ,პროკრედიტ ბანკი, თბილისი 
 Middle react native დეველოპერი ,პროკრედიტ ბანკი, თბილისი 
 გაყიდვების მენეჯერი ,პრაიმქლინინგ, თბილისი 
 გაყიდვების სპეციალისტი/უძრავი ქონების აგენტი ,LEEVASH CORPORATION, თბილისი 
 ვაიზერი ,ბევრილი რითეილ ჯგუფი, ფოთი 
 რეალიზაციის მენეჯერი ,სპეცკომფორტი, თბილისი 
 მზარეული ,SKA Juice Bar, თბილისი 
 მზარეული ,SKA Juice Bar, ბათუმი 
 ოპერატორი ,ესთეტიკის ცენტრი, თბილისი 
 მძღოლ-დისტრიბუტორი ,ბლექსი დისთრიბუშენი, თბილისი 
 იმპორტის მენეჯერი ,ბლექსი დისთრიბუშენი, თბილისი 
 ოპერატორი ,ბლექსი დისთრიბუშენი, თბილისი 
 აღმზრდელი პედაგოგი ,Tabula Rasa International kindergarten, თბილისი 
 დისტრიბუტორი ,იფქლი-1, თბილისი 
 ავეჯის დიზაინერი/ავეჯის კონსტრუქტორი ,ავეჯის დამამზადებელი კომპანია გრანდი, თბილისი 
 English Content Writer ,Elite Global, თბილისი 
 English Content Editor ,Elite Global, თბილისი 
 Spanish Content Writer ,Elite Global, თბილისი 
 Russian Content Editor ,Elite Global, თბილისი 
 Italian Content Writer ,Elite Global, თბილისი 
 Warehouse specialist ,ჩინეთის გზებისა და ხიდების კორპორაციის საქართველოს ფილიალი, გარდაბანი 
 Packer-Depositor ,სუნელი, თბილისი 
" მოლარე-კონსულტანტი თბილისში, რუსთავსა და გარდაბანში ",WAY MARTI," თბილისი, "
 მოლარე-კონსულტანტი რეგიონებში ,WAY MARTI," ბათუმი, "
 მოლარე-კონსულტანტი დიღომში ,WAY MARTI, თბილისი 
 სამშენებლო ობიექტის დაცვის თანამშრომელი ,სამშენებლო კომპანია ანაგი, თბილისი 
 გაყიდვების მენეჯერი ,დებეტ კონსალტინგი, თბილისი 
 გაყიდვების ქოლ-ცენტრის ოპერატორი ,AUTO.GE, თბილისი 
 გაყიდვების ქოლ-ცენტრის ოპერატორი ,Shop.ge, თბილისი 
 მაღაზიის გაყიდვების მენეჯერი ,მაღაზია არჩევანი, თბილისი 
 ჯუსერი ,SKA Juice Bar, ბათუმი 
 წარმოების თანამშრომელი ,მეფუტკრე, თბილისი 
 HR Manager ,Universal Transit, თბილისი 
 Head of HR Department ,Universal Transit, თბილისი 
 HR Specialist ,Universal Transit, თბილისი 
 კორპორატიული გაყიდვების მენეჯერი ,რადიო პოზიტივი 104.3, თბილისი 
 მოლარე/მზარეული ,TASHIR PIZZA GEORGIA, თბილისი 
 მემწვადე/ბარმენი ,ხინკლის სახლი ივერონი, თბილისი 
 Java Developer / Net Developer ,Work 4 You, თბილისი 
 სამედიცინო წარმომადგენელი ,ფარმაცევტული კომპანია-არს მედიკა, თბილისი 
 მძღოლ/დისტრიბუტორი ბათუმში ,MAXIMUS, ბათუმი 
 ჩამოსასხმელი ლუდის გამყიდველი ,MAXIMUS, თბილისი 
 გაყიდვების მენეჯერი ,TEKA, თბილისი 
 უფროსი ბუღალტერი ,ენთები, თბილისი 
 მთავარი ბუღალტერი ,ენთები, თბილისი 
 AML/Compliance Manager ,Blockchain TBS, თბილისი 
 უძრავი ქონების ბროკერის  პოზიცია ,MBG group, თბილისი 
 კომერციული დირექტორის დამხმარე შესყიდვების მიმათულებით ,Agro Food Trade, თბილისი 
 საწყობის მენეჯერის თანაშემწე ,ანაბეჭდი, თბილისი 
 Strategy Team ,Georgia Capital, თბილისი 
 კონდიტერი ,საკონდიტრო-საწარმო ბელა, თბილისი 
 ხერხის ოპერატორი ,Litten Tree, თბილისი 
 Lawyer and Transportation Compliance Manager ,Universal Transit, თბილისი 
 სლოტ ოპერატორი სარფში ,King Premier Casino Sarpi," ბათუმი, "
 ბარის დაცვა ,Sakhelosno BAR, თბილისი 
 ხელოსანი/ტექნიკოსი ,Sakhelosno BAR, თბილისი 
 ბარმენი ,Sakhelosno BAR, თბილისი 
 დამლაგებელი - ღამის საათებში ,Sakhelosno BAR, თბილისი 
 კორპორატიული გაყიდვების სპეციალისტი ,დასაქმების სააგენტო ეიჩარი, თბილისი 
 კონსულტანტი ,თოლია, თბილისი 
 საწყობისა და სათადარიგო ნაწილების უმცროსი სპეციალისტი ,EGT Georgia, თბილისი 
 ქოლ-ცენტრის ოპერატორი/ონლაინ მხარდაჭერის უმცროსი სპეციალისტი ,EGT Georgia, თბილისი 
 დასუფთავების მენეჯერი ,პრაიმქლინინგ, თბილისი 
 ავტომატიზაციის სისტემების სპეციალისტი ,აი-სი ჰოლდინგი, მცხეთა 
 საწარმო დანადგარის ოპერატორი ,აი-სი ჰოლდინგი, მცხეთა 
 ბეტონის ინდუსტრიული იატაკის სამუშაოთა მწარმოებლი ,აი-სი ჰოლდინგი, თბილისი 
 მენეჯერი ,ფ.პ თათია ჯორბენაძე, თბილისი 
 დამლაგებელი ,ფ.პ თათია ჯორბენაძე, თბილისი 
 მომსახურე პერსონალი / კონსულტანტი მზარეული ,Lumier's Chimney Cake, თბილისი 
 помічника/харчового технолога ,სანს გრუფ, თბილისი 
 გაყიდვების მენეჯერი ,მეტი+, თბილისი 
 რეგისტრატორი/საღამოს ცვლა ,თოდუას კლინიკა, თბილისი 
 მენეჯერი ,ბაგინეთი, მცხეთა 
 მოლარე-კონსულტანტი ,უნივერსამი, თბილისი 
 საწარმოს მოხელე ,ფაბრიკონი, თბილისი 
 მემონტაჟე ,ფაბრიკონი, თბილისი 
 ჩინური თარჯიმანი ,ჩინეთის გზებისა და ხიდების კორპორაციის საქართველოს ფილიალი, წნორი 
 ბარმენი ,ART HOUSE, თბილისი 
 მიმტანი ,ART HOUSE, თბილისი 
 მზარეული ,ART HOUSE, თბილისი 
 კურიერი ,Glovo, ფოთი 
 გლოვერი / კურიერი ,Glovo, თბილისი 
 გლოვერი/კურიერი ,Glovo, გორი 
 კურიერი ,Glovo, ბათუმი 
 Instock Specialist ,Glovo, თბილისი 
 MFC Assortment Analyst ,Glovo, თბილისი 
 რესტორნის მენეჯერი ,რესტორანი ვარდო, თბილისი 
 ტვირთების დაგეგმარების ოპერატორი ,ემ თი ჯი, თბილისი 
 ქოლ-ცენტრის ოპერატორი ,ემ თი ჯი, თბილისი 
 მთავარი მზარეული/დამხმარე მზარეული ,სულიკო, თბილისი 
 Community Manager ,Finance Makers, თბილისი 
 Financial Markets Analyst/Writer ,Finance Makers, თბილისი 
 Marketing Manager ,Finance Makers, თბილისი 
 უძრავი ქონების ბროკერი / ოპერატორი ,დეველოპ ინვესტინგ ინ ჯორჯია, თბილისი 
 მეღორეობის კომპლექსის თანამშრომელი ასურეთში ,აშენდი აგრო საქართველო," თეთრიწყარო, "
 მაღაზიის მენეჯერი ,Dressup Group, თბილისი 
 კონსულტანტი ,Dressup Group, თბილისი 
 კონსულტანტი/ნახევარი განაკვეთი ,Dressup Group, თბილისი 
 გერმანულენოვანი ქოლ-ცენტრის ოპერატორი / მომხმარებელთა მომსახურების წარმომადგენელი ,CMX Solutions, თბილისი 
 Java პროგრამისტი ,ლიდერბეთი, თბილისი 
 მონაცემთა ბაზების ადმინისტრატორის/DBA ,ლიდერბეთი, თბილისი 
 React პროგრამისტი ,ლიდერბეთი, თბილისი 
 პროგრამული უზრუნველყოფის ტესტერი ,ლიდერბეთი, თბილისი 
 Network Engineer ,ლიდერბეთი, თბილისი 
 რესტორნის მოლარე-კონსულტანტი/მზარეული ,KFC, თბილისი 
 ქოლ-ცენტრის ოპერატორი ,გრინ ნეთვორქსი," ხაშური, "
 გაყიდვების მენეჯერი ,საქართველოს ინვენტარი, თბილისი 
 Business Development Director ,დასტა რექორდს მენეჯმენტი, თბილისი 
 დისტრიბუტორი /პრისეილერი-მერჩენდაიზერი ,ბუდგეთ," თბილისი, "
 საცალო გაყიდვების სპეციალისტი ლილო მოლში ,Wishlist.ge, თბილისი 
 ადმინისტრატორი ,მედიკალ გრუპი, თბილისი 
 ტექნიკოსი ,ბს/2 ჯორჯია, თბილისი 
 AML შესაბამისობის განყოფილების უფროსი ,ლიდერბეთი, თბილისი 
 მიმტანი ,რესტორანი ფუნიკულიორი, თბილისი 
 Guest Service Specialist ,ეპიზოდი თბილისი, თბილისი 
 შესყიდვების მენეჯერი ,ეპიზოდი თბილისი, თბილისი 
 შენობის ექსპლუატაციის სპეციალისტი ,პროკრედიტ ბანკი, თბილისი 
 მოლარე ოპერატორი/მიმტანი ქუთაისში ,კაზინო კრისტალბეთი, ქუთაისი 
 პრისეილერი ,თორიჯორჯია, თბილისი 
 მოლარე/კონსულტანტი ,ევროპროდუქტი, თბილისი 
 English Speaking Customer Service Representative ,DSPRO, თბილისი 
 Full Stack Software Engineer ,Universal Transit, თბილისი 
 უძრავი ქონების აგენტი ,დორაგრუპი, თბილისი 
 Call center Telemedicine Service Representative/English Speaking/Night shift ,GHS Consulting, თბილისი 
 გამყვანი ტურიზმის გაყიდვების უფროსი მენეჯერი ,იორ ფოინთ, თბილისი 
 გამყვანი ტურიზმის ავიაბილეთების ოპერატორი ,იორ ფოინთ, თბილისი 
 სამედიცინო სახარჯი მასალების და აპარატურის შესყიდვების მენეჯერი ,მედ თრეიდერი, თბილისი 
 პრობლემური აქტივების მენეჯერი ,ტრიბა, თბილისი 
 მზარეული ,ბარბარესგან, თბილისი 
 ინვენტორული მენეჯერი ,რესტორანი ეთნოგრაფი, თბილისი 
 ღია კონკურსი მენეჯმენტის მიმართულებაში ,ბათუმის ნავიგაციის სასწავლო უნივერსიტეტი, თბილისი 
 ტექნიკოსი/სტაჟირება დასაქმების პერსპექტივით ,ჰიდროსკანდი, თბილისი 
 E-commerce მენეჯერის დამხმარე ,Marketing & E-commerce, თბილისი 
 მოლარე-კონსულტანტი ,იოლის სუპერმარკეტების ქსელი, თბილისი 
 ადმინისტრატორი ,იოლის სუპერმარკეტების ქსელი, თბილისი 
 Graphic Designer ,Icecrown, ბათუმი 
 გაყიდვების კონსულტანტი ,ჯაოკენი, თბილისი 
 SLOT ოპერატორი ,სამორინე ამბასადორი, თბილისი 
 ბარმენი ,სამორინე ამბასადორი, თბილისი 
 ჰოსტესი ,სამორინე ამბასადორი, თბილისი 
 მიმტანი ,სამორინე ამბასადორი, თბილისი 
 სფეის მენეჯერი ,betlive.club, თბილისი 
 დამლაგებელი ,betlive.club, თბილისი 
 ბარმენის დამხმარე ,betlive.club, თბილისი 
 ბარმენი ,betlive.club, თბილისი 
 მონიტორინგის სპეციალისტი ,betlive.club, თბილისი 
 დაცვის თანამშრომელი ,betlive.club, თბილისი 
 დისტრიბუტორი ,პოულტრი ჯორჯია, თბილისი 
 KA/GT Manager ,გაგრა პლუსი, ბათუმი 
 ბუღალტერი ,ჩინეთის გზებისა და ხიდების კორპორაციის საქართველოს ფილიალი, თბილისი 
 პროდუქციის მენეჯერი/სამედიცინო წარმომადგენელი ,ლაიფლაინი, თბილისი 
 ექიმის - წამყვანი სპეციალისტის თანაშემწე ,ემ-ემ-ტე ჰოსპიტალი, თბილისი 
 მოლარე - ოპერატორი ,შაომი საქართველო, თბილისი 
 ჯუსერი ,SKA Juice Bar, თბილისი 
 დირექტორის ასისტენტი ,Gamarjoba Georgia Tours, თბილისი 
 მიმტანი ,რესტორანი ეზო, თბილისი 
 უსაფრთხოების განყოფილების ხელმძღვანელი ,სასტუმრო - იოტა, თბილისი 
 Sales Data and Consumer Insights Analyst ,Financial Chain Corporation, თბილისი 
 საწყობის თანამშრომელი ,Wishlist.ge, თბილისი 
 საცალო გაყიდვების სპეციალისტი ,Wishlist.ge, თბილისი 
 საწყობის ოპერატორი ,Wishlist.ge, თბილისი 
 გაყიდვების კონსულტანტი ,სალამანდრა, თბილისი 
 ექიმის ასისტენტი / მედდა ,სტომატოლოგიური კლინიკა ინდიგო, თბილისი 
 მძღოლი ,Атенк ООО, თბილისი 
 მიმტანი ,რესტორანი ადრე, თბილისი 
 ბარმენი ,კუთხე, თბილისი 
 სოციალური მედია მენეჯერი ,კ-მოტორსი, თბილისი 
 მოლარე - კონსულტანტი ,სამკაულების მაღაზიების ქსელი Redberry, თბილისი 
 Employee In The Office ,ფაჟერ ელ ხალიჟ 2, თბილისი 
 ექიმი ,თოდუას კლინიკა, თბილისი 
 Travel Support Agent with German ,Concentrix, თბილისი 
 მოლარე-კონსულტანტი ,სკხ ს2, თბილისი 
 საბითუმო გაყიდვების მენეჯერი ,World Chess, თბილისი 
 საწარმოს დანადგარის ოპერატორი ,ბრედფილდი, თბილისი 
 მძღოლი ,მზიური, თბილისი 
 მაღაზიის მენეჯერი ,უნივერსამი, თბილისი 
 ღამის მოლარე- კონსულტანტი​/მოლარე-კონსულტანტი ,უნივერსამი, თბილისი 
 მოლარე-კონსულტანტი/მენეჯერი ,სუპერმარკეტი ბილმარტი, თბილისი 
 კომერციული დირექტორი ,ასკანელი, თბილისი 
 კონსულტანტი-ბარისტა ,სისაური გრაინდერს, თბილისი 
 შემომყვანი ტურ ოპერატორი ,ვოიაჟერ 365, თბილისი 
 1C პროგრამის ბუღალტერ-ოპერატორი ,კომპანია ორბიტა, თბილისი 
 მიმტანი ,გასტრონომიული დუქანი რიგი, თბილისი 
 მაგნიტურ-რეზონანსული ტომოგრაფიის განყოფილების ექთანი ,თოდუას კლინიკა, თბილისი 
 მოლარე - კონსულტანტი ,ივ როშე, თბილისი 
 გაყიდვების კონსულტანტი რეგიონებში ,საქართველოს ბანკი," ბათუმი, "
 გაყიდვების კონსულტანტი ,საქართველოს ბანკი, თბილისი 
 კონსულტანტი ,საქართველოს ბანკი, თბილისი 
 მენეჯერი-ოპერატორი ,მოლისანის კლინიკა, თბილისი 
 მ.დ.ფ  კარებისა და ავეჯის წარმოებაში ხელოსანი ,ჯეო ჰაუსი," გარდაბანი, "
 მოლარე ,მაღაზიათა ქსელი სუვენირ ცენტრი, თბილისი 
 მოლარე-კონსულტანტი ,მაღაზიათა ქსელი სუვენირ ცენტრი, თბილისი 
 Junior QA Tester / Junior Programmer ,Patolomius Technology, თბილისი 
 Experienced DevOps Engineer ,Patolomius Technology, თბილისი 
 მარკეტინგის მენეჯერი/ბიზნეს განვითარების მენეჯერი ,Gamarjoba Georgia Tours, თბილისი 
 უძრავი ქონების აგენტი ,Geo Realtor, თბილისი 
 კლიენტთა მომსახურების ასისტენტი ,დასაქმების სააგენტო ეიჩარი, თბილისი 
 გაყიდვების მენეჯერი ,Caucas Transport Solutions, თბილისი 
 ოჯახის ექიმის/თერაპევტი ,მოლისანის კლინიკა," თბილისი, "
 Spotify Back Office Specialist with Spanish and English ,Concentrix, თბილისი 
 მთარგმნელი/თარგმნის მომსახურება ,Savvy Consulting, თბილისი 
 დიასახლისი ,სასტუმრო ღვინის სასახლე, თბილისი 
 მძღოლებთან კომუნიკაციის კოორდინატორი ,Universal Transit, თბილისი 
 შესყიდვების მენეჯერი ,Women’Secret / Cortefiel / Pedro Del Hierro, თბილისი 
 კონსულტანტი ,Women’Secret / Cortefiel / Pedro Del Hierro, თბილისი 
 დანადგარის ოპერატორი / მექანიკოსი ,იმპოჯორჯია, თბილისი 
 მუშა საგურამოში ,CAMPA," მცხეთა, "
 ქოლ-ცენტრის ოპერატორი ,თოდუას კლინიკა, თბილისი 
 IT HelpDesk Technican ,არესემ საქართველო, თბილისი 
 სავაჭრო წარმომადგენელი/პრისეილერი ,მზიური, ბათუმი 
 დისტრიბუტორი ,მზიური, თბილისი 
 პრისეილერი ,მზიური, თბილისი 
 Tiktok video creator account management for Gambling NFT project ,Global Marketing Connection, თბილისი 
 რეგიონალური მენეჯერი ,ვეტერინარული კომპანია ინვეტი, თბილისი 
 Customer Service Trainer/Quality assurance ,TAZE Technologies, თბილისი 
 კონსულტანტი ,სლაში ჯორჯია, ქუთაისი 
 ოპერაციების მენეჯერი ,Glovo, თბილისი 
 მარკეტინგის უფროსი ანალიტიკოსი ,Glovo, თბილისი 
 საცალო ვაჭრობის მენეჯერი ,Glovo, თბილისი 
 ოპერაციების ანალიტიკოსი ,Glovo, თბილისი 
 მზარეულის დამხმარე ,ეპიზოდი თბილისი, თბილისი 
 მზარეული ,ეპიზოდი თბილისი, თბილისი 
 მოლარე-კონსულტანტი / დიასახლისი ,სუპერმარკეტი ბილმარტი, თბილისი 
 Front-end/React JS დეველოპერი ,პროკრედიტ ბანკი, თბილისი 
 უძრავი ქონების აგენტი ,ჯორჯია ბროკერი, თბილისი 
 ბარისტა ,Gloria Jean’s Coffees Georgia, თბილისი 
 Assistant ,Sonicfast, თბილისი 
 ბარმენი ,Dinehall, თბილისი 
 KA ოპერატორი ,Agro Food Trade, თბილისი 
 სუ შეფი/მზარეული ,Luciano, თბილისი 
 სამუშაოთა მწარმოებელი ,სამშენებლო კომპანია ერისიმედი, დუშეთი 
 გაყიდვების მენეჯერი ,ევროპის ბიზნეს სკოლა და კონსალტინგი, თბილისი 
 გაყიდვების მენეჯერი ,City Luxe, თბილისი 
 ქოლ-ცენტრის ოპერატორი ,City Luxe, თბილისი 
 ადმინისტრატორი ,Hotel Beli, თბილისი 
 მოლარე-ოპერატორი ,საქართველოს ბანკი," რუსთავი, "
 ქოლ-ცენტრის ოპერატორი ,მკითხველთა კლუბი, თბილისი 
 დაცვა/უსაფრთხოების თანამშრომელი ,სითი მოლი, თბილისი 
 Waiter/Waitress ,Cafe Grill, თბილისი 
 გაყიდვების კონსულტანტი ,საგა იმპექსი, ბათუმი 
 საწყობის თანამშრომელი ,Agro Food Trade, თბილისი 
 მოლარე-კონსულტანტი ,წისქვილი ბაზარი, თბილისი 
 მარკეტის ადმინისტრატორი ,წისქვილი ბაზარი, თბილისი 
 მძღოლ-ექსპედიტორი ,Agro Food Trade, თბილისი 
 მიმტანი-ოპერატორი ,betlive.club, თბილისი 
 ბარმენის დამხმარე ,betlive.club, თბილისი 
 უძრავი ქონების აგენტი ,Seeker, თბილისი 
 პროფესიის შესწავლა-დასაქმება ,ავეჯის დამამზადებელი კომპანია გრანდი, თბილისი 
 მზარეულის დამხმარე ,სუში რუმ, თბილისი 
 მომსახურე პერსონალი ,სუში რუმ, თბილისი 
 სივრცის კონსულტანტი ,თოდუას კლინიკა, თბილისი 
 მარკეტინგის მენეჯერი ,კომპანია ორბიტა, თბილისი 
 ბიზნეს ანალიტიკოსი ,კომპანია ორბიტა, თბილისი 
 React დეველოპერი ,სოლუშენს2შეარ ჯორჯია, თბილისი 
 C# დეველოპერი ,სოლუშენს2შეარ ჯორჯია, თბილისი 
 ფინანსური ანალიტიკოსი ,საგა იმპექსი, თბილისი 
 კლიენტების მომსახურების მენეჯერი ,Next Group, ბათუმი 
 პროექტის მენეჯერი ,Next Group, ბათუმი 
 ოფისის მენეჯერი ,Next Group, ბათუმი 
 მკერავი ,ანაბეჭდი, თბილისი 
 გამომჭრელ-კონსტრუქტორი ,ანაბეჭდი, თბილისი 
 მარაგების კონტროლის გუნდის ხელმძღვანელი ,Retail Group Georgia, თბილისი 
 გაყიდვების კონსულტანტი ,Retail Group Georgia, თბილისი 
 Java Developer ,Affiliate Marketing კომპანია, თბილისი 
 Magento დეველოპერი ,Affiliate Marketing კომპანია, თბილისი 
 ქოლ-ცენტრის ოპერატორი ,ORGANIC SPA & ESTHETICS, თბილისი 
 პედაგოგი/პედაგოგის დამხმარე ,ამერიკული კერძო საბავშვო ბაღი, თბილისი 
 ქოლცენტრის ოპერატორი ,ნეტმარტი, თბილისი 
 დამლაგებელი ,ბოდილაინი, თბილისი 
 სლოტ - მიმტანი/ ბარმენი ,სლოტ კლუბი 777," თბილისი, "
 მეშაურმე ,კუთხე, თბილისი 
 რეცეფციონისტი-ადმინისტრატორი/ადმინისტრაციული ასისტენტი ,ციფრული ტექნოლოგიები, თბილისი 
 ესთეტიკური ცენტრის  მედდა ,AM Clinic Batumi, ბათუმი 
 ინგლისური ენის პედაგოგი-აღმზრდელი ,ოჯახი, თბილისი 
 პარტნიორი მძღოლი ,Bolt, თბილისი 
 გაყიდვების წარმომადგენელი/მენეჯერი ,ესპანო, თბილისი 
 საწყობის თანამშრომელი/მუშა ,ესპანო, თბილისი 
 საცალო გაყიდვების მენეჯერი ,დაზღვევის საერთაშორისო კომპანია - ირაო, თბილისი 
 მოლარე-ოპერატორი სოფელ ხუცუბანში ,Legi," ქობულეთი, "
 მიწოდების ჯაჭვის სპეციალისტი ,ბრედფილდი, თბილისი 
 კონსულტანტი ,აი-თიმ, თბილისი 
 ჰორეკას პრისეილერი ,Agro Food Trade, თბილისი 
 Architect / 3D Artist ,რუმ დიზაინ სტუდიო, თბილისი 
 ფარმაცევტული წარმოების მთავარი ტექნოლოგი ,კავკასიის ფარმაცევტული საწარმო, თელავი 
 მზარეული ,რესტორანი ადრე, თბილისი 
 რეზერვაციის მენეჯერი ,რუსტარ ონლაინი, თბილისი 
 Technical Writer ,GEO TELEMEDICINE, თბილისი 
 ელ. მემონტაჟე/სპეციალისტი ,ლაინნეტი, თბილისი 
 ქოფირაითერი ,Veli.store, თბილისი 
 ღამის ცვლის მზარეული ,SKA Juice Bar, თბილისი 
 სისტემების და ქსელების უმცროსი სპეციალისტი ,EGT Georgia, თბილისი 
 პროფილაქტიკის უმცროსი ტექნიკოსი ,EGT Georgia," თბილისი, "
 ტექნიკოსი ,EGT Georgia," თბილისი, "
 სტაციონარული სერვისის უმცროსი ტექნიკოსი ,EGT Georgia, თბილისი 
 მოლარე-კონსულტანტი ,აქსიმპორტი, თბილისი 
 Strategic Account Manager ,Glovo, თბილისი 
 მზარეული ,რესტორანი ფუნიკულიორი, თბილისი 
 მიმტანი ,რესტორანი ფუნიკულიორი, თბილისი 
 კონდიტერი ,რესტორანი ფუნიკულიორი, თბილისი 
 Фахівець з обклеювання кольорової атомобільної плівки/Фахівець з обклеювання антигравійної прозорої ,ფასტ ენდ შაინ ვაკე, თბილისი 
 მოლარე-ოპერატორი ,კ-მოტორსი, თბილისი 
 HR ასისტენტი სარფში ,ლიც რეზორტი," სხვა, "
 გამყვანი ტურ ოპერატორი ,ლაქი თრეველი, თბილისი 
 კონსულტანტი ,Agro Food Trade, თბილისი 
 ბრენდ მენეჯერი ,Veli.store, თბილისი 
 mekhanik khodovoyi chastyny ,ჰიბრიდ ლაბი, თბილისი 
 მოლარე-ოპერატორი ,ალფა, თბილისი 
 მზარეული ,რესპუბლიკა გრილ ბარი, თბილისი 
 Ассистент руководителя ,ნეურალტრადინგ, თბილისი 
 მოლარე ,სავალუტო პუნქტი, თბილისი 
 შესყიდვების უმცროსი სპეციალისტი ,პროჯექტ გრუპი, თბილისი 
 სტაჟირება იურისტებისათვის ,ა(ა)იპ  იურისტთა ასოციაცია, ქუთაისი 
 Business Analyst ,GEO TELEMEDICINE, თბილისი 
 უძრავი ქონების ოპერატორი ,Invest in Georgia, თბილისი 
 დიასახლისი/დამლაგებელი ,კაფე-საკონდიტროების ქსელი ლაიმი, თბილისი 
 ქოლ-ცენტრის ოპერატორი ,მკითხველთა კლუბი, თბილისი 
 უფროსი შემდუღებელი ,ფაბრიკონი, თბილისი 
 უფროსი ბუღალტერი ,ლოიალ ფართნერს, თბილისი 
 ბუღალტერი/სტაჟიორი ,ლოიალ ფართნერს, თბილისი 
 პრისელერი ,ბლექსი ინვესტი," თბილისი, "
 საცალო გაყიდვების სპეციალისტი ლილო მოლში ,Wishlist.ge, თბილისი 
 სამედიცინო წარმომადგენელი ,ლე ლაბორატუა სერვიე," თბილისი, "
 გაყიდვების კონსულტანტი ,სალამანდრა, თბილისი 
 ოპერატორი ბათუმში ,ნიუ ესთეტიკი ბათუმი, ბათუმი 
 პრისეილერი / ვანსეილერი ,დიეტ ეკო ფუდი, თბილისი 
 Duty Free Sales Assistant ,ATU Duty Free, თბილისი 
 დიასახლისი/დამლაგებელი ,ესთეტიკის ცენტრი, თბილისი 
 ღამის ცვლის მოლარე-კონსულტანტი ,ბოკოლა, თბილისი 
 კონსულტანტი ,Megobar, თბილისი 
 საღამოს ცვლის მზარეული ,Megobar, თბილისი 
 მოლარე ,სლოტ კლუბი, მარნეული 
 ბარმენი ,სლოტ კლუბი, მარნეული 
 ადმინისტრატორი ,Oktopus Fitness Club, თბილისი 
 Business Developer ,Sonicfast, თბილისი 
 ფილიალის მენეჯერი ,ვეტერინარული კომპანია ინვეტი, თბილისი 
 აღმზრდელ-პედაგოგი / აღმზრდელი ,საბავშვო ბაღი ნევერლენდი, თბილისი 
 Business Support Service Center Specialist ,Financial Chain Corporation, თბილისი 
 პრისეილერი ,თორიჯორჯია," თბილისი, "
 გაყიდვების ასისტენტი ,ლენდმარკ ჯორჯია, თბილისი 
